,Unnamed: 0,anho,ciclo,CodCarSec,Convocatoria,Anho,Semestre,Aprobado,AnhoFirma,PrimerPar,SegundoPar,AOT,Primer.Rec,SegundoRec,NotaFinal,id_anony
135020,503,2017,1,ELE-PLS13,1,2017,1,N,0,7,0,0,0,0,,es_1444
135021,504,2017,1,CGF-PLS13,1,2017,1,N,0,5,0,0,0,0,,es_4238
135022,505,2017,1,ELE-PLS13,1,2017,1,S,2016,0,0,0,0,0,"1F-1,2F-2",es_4245
135023,506,2017,1,CIV-PLS13,1,2017,1,N,0,0,0,0,0,0,,es_4967
135024,507,2017,1,CGF-PLS13,1,2017,1,S,2017,21,10,0,0,0,3F-C-3,es_414
135025,508,2017,1,CIV-PLS13,1,2017,1,N,0,0,0,0,0,0,,es_4968
135026,509,2017,1,CIV-PLS13,1,2017,1,N,0,7,0,0,0,0,,es_4555
135027,510,2017,1,ELE-PLS13,1,2017,1,N,0,19,0,0,0,0,,es_4556
135028,511,2017,1,ELE-PLS13,1,2017,1,N,0,0,0,0,0,0,,es_4970
135029,512,2017,1,CIV-PLS13,1,2017,1,S,2017,0,20,0,0,0,"2F-C-1,3F-C-3",es_4971
135030,513,2017,1,ELE-PLS13,1,2017,1,S,2016,13,16,0,0,0,1F-C-3,es_4972
135031,514,2017,1,ELE-PLS13,1,2017,1,S,2017,23,18,0,0,0,1F-C-4,es_4973
135032,515,2017,1,CIV-PLS13,1,2017,1,N,2016,0,0,0,0,0,,es_4275
135033,516,2017,1,MCT-PLS13,1,2017,1,S,2017,18,17,0,0,0,1F-C-4,es_4978
135034,517,2017,1,CIV-PLS13,1,2017,1,N,0,0,0,0,0,0,,es_4285
135035,518,2017,1,CIV-PLS13,1,2017,1,N,0,16,2,0,0,0,,es_4290
135036,519,2017,1,ELE-PLS13,1,2017,1,N,2017,16,11,0,0,0,3F-C-1,es_4583
135037,520,2017,1,CIV-PLS13,1,2017,1,N,2016,0,0,0,0,0,,es_4299
135038,521,2017,1,ELE-PLS13,1,2017,1,S,2016,19,14,0,0,0,1F-C-4,es_4984
135039,522,2017,1,CIV-PLS13,1,2017,1,S,2017,20,17,0,0,0,2F-C-2,es_4986
135040,523,2017,1,CIV-PLS13,1,2017,1,N,0,17,8,0,0,0,,es_4608
135041,524,2017,1,CGF-PLS13,1,2017,1,N,0,0,0,0,0,0,,es_3298
135042,525,2017,1,ELE-PLS13,1,2017,1,S,2016,20,11,0,0,0,1F-C-3,es_4992
135043,526,2017,1,CIV-PLS13,1,2017,1,S,2017,20,16,0,0,0,2F-C-2,es_4999
135044,527,2017,1,MCT-PLS13,1,2017,1,S,2017,21,27,0,0,0,1F-C-5,es_5702
135045,528,2017,1,ELE-PLS13,1,2017,1,S,2016,0,0,0,0,0,1F-2,es_4623
135046,529,2017,1,ELE-PLS13,1,2017,1,S,2017,17,4,0,0,0,2F-C-2,es_5004
135047,530,2017,1,ELE-PLS13,1,2017,1,S,2017,16,16,0,0,0,"2F-C-1,3F-C-3",es_5006
135048,531,2017,1,MCT-PLS13,1,2017,1,S,2017,17,10,0,0,0,"2F-C-1,3F-C-2",es_5010
135049,532,2017,1,ELE-PLS13,1,2017,1,S,2016,0,0,0,0,0,2F-2,es_5015
135050,533,2017,1,CIV-PLS13,1,2017,1,S,2016,15,20,0,0,0,1F-C-4,es_5016
135051,534,2017,1,ELE-PLS13,1,2017,1,N,0,22,0,0,0,0,,es_5017
135052,535,2017,1,ECA-PLS13,1,2017,1,S,2017,19,10,0,0,0,2F-C-5,es_5713
135053,536,2017,1,ELE-PLS13,1,2017,1,S,2017,16,11,0,0,0,"2F-C-1,3F-C-2",es_5020
135054,537,2017,1,CIV-PLS13,1,2017,1,S,2016,0,0,0,0,0,2F-2,es_5026
135055,538,2017,1,ELE-PLS13,1,2017,1,N,2017,5,29,0,0,0,"1F-C-1,3F-C-1",es_5030
135056,539,2017,1,CIV-PLS13,1,2017,1,N,2017,21,8,0,0,0,"2F-C-1,3F-C-1",es_4655
135057,540,2017,1,CIV-PLS13,1,2017,1,N,2016,15,0,0,0,0,,es_4657
135058,541,2017,1,IND-PLS13,1,2017,1,N,2016,0,0,0,0,0,"1F-C-1,2F-C-1,3F-C-1",es_4070
135059,542,2017,1,CIV-PLS13,1,2017,1,S,2016,0,0,0,0,0,2F-2,es_5049
135060,543,2017,1,CIV-PLS13,1,2017,1,N,0,0,0,0,0,0,,es_4672
135061,544,2017,1,ELE-PLS13,1,2017,1,N,2017,17,4,0,0,0,,es_5053
135062,545,2017,1,MEC-PLS13,1,2017,1,N,2017,21,3,0,0,0,,es_5729
135063,546,2017,1,CIV-PLS13,1,2017,1,S,2016,14,12,0,0,0,1F-C-2,es_5056
135064,547,2017,1,CIV-PLS13,1,2017,1,N,0,13,10,0,0,0,,es_5057
135065,548,2017,1,CIV-PLS13,1,2017,1,N,0,0,4,0,0,0,,es_4677
135066,549,2017,1,CIV-PLS13,1,2017,1,N,0,18,8,0,0,0,,es_5060
135067,550,2017,1,MEC-PLS13,1,2017,1,S,2017,18,8,0,0,0,2F-C-4,es_5060
135068,551,2017,1,IND-PLS13,1,2017,1,S,2017,18,14,0,0,0,2F-C-2,es_5062
135069,552,2017,1,ELE-PLS13,1,2017,1,S,2017,15,20,0,0,0,"1F-C-1,2F-C-1,3F-C-2",es_5067
135070,553,2017,1,MCT-PLS13,1,2017,1,S,2017,16,23,0,0,0,1F-C-2,es_5068
135071,554,2017,1,IND-PLS13,1,2017,1,N,0,0,0,0,0,0,,es_5736
135072,555,2017,1,ELE-PLS13,1,2017,1,S,2016,17,18,0,0,0,1F-C-3,es_4685
135073,556,2017,1,MEC-PLS13,1,2017,1,S,2017,22,34,0,0,0,1F-C-5,es_4687
135074,557,2017,1,MEC-PLS13,1,2017,1,N,2017,13,13,0,0,0,,es_5080
135075,558,2017,1,ELE-PLS13,1,2017,1,N,0,15,5,0,0,0,,es_5084
135076,559,2017,1,MCT-PLS13,1,2017,1,S,2016,0,0,0,0,0,1F-3,es_5086
135077,560,2017,1,CGF-PLS13,1,2017,1,S,2017,19,34,0,0,0,1F-C-5,es_5740
135078,561,2017,1,CIV-PLS13,1,2017,1,S,2016,24,0,0,0,0,3F-C-2,es_3319
135079,562,2017,1,MEC-PLS13,1,2017,1,S,2017,24,16,0,0,0,1F-C-2,es_5093
135080,563,2017,1,CIV-PLS13,1,2017,1,S,2017,21,10,0,0,0,2F-C-2,es_5096
135081,564,2017,1,IND-PLS13,1,2017,1,S,2017,21,26,0,0,0,1F-C-5,es_5099
135082,565,2017,1,CIV-PLS13,1,2017,1,S,2017,16,24,0,0,0,1F-C-3,es_5741
135083,566,2017,1,CIV-PLS13,1,2017,1,S,2017,19,13,0,0,0,2F-C-5,es_5744
135084,567,2017,1,CIV-PLS13,1,2017,1,S,2017,22,28,0,0,0,1F-C-5,es_5747
135085,568,2017,1,MEC-PLS13,1,2017,1,N,0,21,7,0,0,0,,es_5748
135086,569,2017,1,ELE-PLS13,1,2017,1,S,2017,24,34,0,0,0,1F-C-5,es_5750
135087,570,2017,1,IND-PLS13,1,2017,1,S,2017,17,20,0,0,0,1F-C-4,es_5752
135088,571,2017,1,MCT-PLS13,1,2017,1,S,2017,16,11,0,0,0,1F-C-4,es_5757
135089,572,2017,1,CIV-PLS13,1,2017,1,S,2017,16,23,0,0,0,1F-C-2,es_5761
135090,573,2017,1,ELE-PLS13,1,2017,1,N,2017,18,14,0,0,0,3F-C-1,es_4699
135091,574,2017,1,CIV-PLS13,1,2017,1,S,2017,24,23,0,0,0,1F-C-5,es_5762
135092,575,2017,1,ELE-PLS13,1,2017,1,S,2017,11,11,0,0,0,3F-C-3,es_5115
135093,576,2017,1,ELE-PLS13,1,2017,1,S,2017,24,4,0,0,0,2F-C-4,es_5119
135094,577,2017,1,ELE-PLS13,1,2017,1,N,2017,20,17,0,0,0,,es_5125
135095,578,2017,1,CIV-PLS13,1,2017,1,S,2016,0,0,0,0,0,3F-C-4,es_4702
135096,579,2017,1,ELE-PLS13,1,2017,1,S,2017,22,26,0,0,0,1F-C-5,es_5126
135097,580,2017,1,CIV-PLS13,1,2017,1,S,2017,17,4,0,0,0,"2F-C-1,3F-C-4",es_5127
135098,581,2017,1,IND-PLS13,1,2017,1,N,2016,0,0,0,0,0,"2F-C-1,3F-C-1",es_5131
135099,582,2017,1,CIV-PLS13,1,2017,1,S,2017,22,19,0,0,0,1F-C-4,es_5776
135100,583,2017,1,IND-PLS13,1,2017,1,S,2017,19,15,0,0,0,1F-C-3,es_5784
135101,584,2017,1,CIV-PLS13,1,2017,1,N,0,18,10,0,0,0,,es_5138
135102,585,2017,1,CIV-PLS13,1,2017,1,S,2016,17,0,0,0,0,3F-C-3,es_5141
135103,586,2017,1,MCT-PLS13,1,2017,1,S,2017,11,14,0,0,0,3F-C-2,es_5142
135104,587,2017,1,MEC-PLS13,1,2017,1,S,2017,24,7,0,0,0,3F-C-3,es_5148
135105,588,2017,1,ELE-PLS13,1,2017,1,S,2017,24,16,0,0,0,1F-C-5,es_5791
135106,589,2017,1,ELE-PLS13,1,2017,1,N,0,0,0,0,0,0,,es_5152
135107,590,2017,1,MCT-PLS13,1,2017,1,S,2017,23,24,0,0,0,1F-C-5,es_5792
135108,591,2017,1,CIV-PLS13,1,2017,1,S,2017,20,16,0,0,0,3F-C-5,es_5794
135109,592,2017,1,IND-PLS13,1,2017,1,S,2017,23,30,0,0,0,1F-C-5,es_5796
135110,593,2017,1,CIV-PLS13,1,2017,1,S,2017,17,27,0,0,0,1F-C-5,es_5799
135111,594,2017,1,CIV-PLS13,1,2017,1,S,2017,23,34,0,0,0,1F-C-5,es_5803
135112,595,2017,1,MEC-PLS13,1,2017,1,S,2016,16,19,0,0,0,1F-C-3,es_5160
135113,596,2017,1,ELE-PLS13,1,2017,1,N,2017,6,26,0,0,0,"2F-C-1,3F-C-1",es_4107
135114,597,2017,1,CIV-PLS13,1,2017,1,S,2017,13,24,0,0,0,1F-C-5,es_5808
135115,598,2017,1,CIV-PLS13,1,2017,1,N,0,0,7,0,0,0,,es_4717
135116,599,2017,1,ELE-PLS13,1,2017,1,N,2017,18,15,0,0,0,"2F-C-1,3F-C-1",es_5168
135117,600,2017,1,CIV-PLS13,1,2017,1,N,2017,11,16,0,0,0,3F-C-1,es_5821
135118,601,2017,1,IND-PLS13,1,2017,1,S,2017,22,25,0,0,0,1F-C-5,es_5822
135119,602,2017,1,CIV-PLS13,1,2017,1,S,2017,23,21,0,0,0,1F-C-5,es_5825
135120,603,2017,1,CIV-PLS13,1,2017,1,S,2017,12,13,0,0,0,1F-C-2,es_5177
135121,604,2017,1,MCT-PLS13,1,2017,1,S,2017,19,14,0,0,0,2F-C-5,es_5827
135122,605,2017,1,ECA-PLS13,1,2017,1,S,2017,16,24,0,0,0,1F-C-2,es_5835
135123,606,2017,1,MCT-PLS13,1,2017,1,S,2017,22,20,0,0,0,1F-C-5,es_5836
135124,607,2017,1,ECA-PLS13,1,2017,1,N,0,8,6,0,0,0,,es_5179
135125,608,2017,1,IND-PLS13,1,2017,1,S,2017,22,26,0,0,0,1F-C-5,es_5839
135126,609,2017,1,MEC-PLS13,1,2017,1,S,2017,22,31,0,0,0,1F-C-5,es_5184
135127,610,2017,1,ELE-PLS13,1,2017,1,S,2017,22,24,0,0,0,1F-C-5,es_5841
135128,611,2017,1,ECA-PLS13,1,2017,1,N,0,11,0,0,0,0,,es_3335
135129,612,2017,1,CIV-PLS13,1,2017,1,S,2017,22,10,0,0,0,1F-C-2,es_5843
135130,613,2017,1,MCT-PLS13,1,2017,1,S,2017,22,24,0,0,0,1F-C-5,es_5844
135131,614,2017,1,MCT-PLS13,1,2017,1,S,2017,22,30,0,0,0,1F-C-5,es_5845
135132,615,2017,1,CIV-PLS13,1,2017,1,S,2017,23,12,0,0,0,2F-C-3,es_5189
135133,616,2017,1,MCT-PLS13,1,2017,1,N,0,10,0,0,0,0,,es_5192
135134,617,2017,1,ELE-PLS13,1,2017,1,S,2016,0,0,0,0,0,2F-3,es_4730
135135,618,2017,1,MCT-PLS13,1,2017,1,S,2017,23,33,0,0,0,1F-C-5,es_5848
135136,619,2017,1,IND-PLS13,1,2017,1,N,2017,20,18,0,0,0,,es_5850
135137,620,2017,1,ELE-PLS13,1,2017,1,N,0,16,0,0,0,0,,es_5194
135138,621,2017,1,ELE-PLS13,1,2017,1,N,0,19,10,0,0,0,,es_5852
135139,622,2017,1,CIV-PLS13,1,2017,1,S,2017,21,13,0,0,0,1F-C-3,es_5195
135140,623,2017,1,CIV-PLS13,1,2017,1,N,0,19,10,0,0,0,,es_5854
135141,624,2017,1,ECA-PLS13,1,2017,1,S,2017,24,17,0,0,0,1F-C-4,es_5855
135142,625,2017,1,CIV-PLS13,1,2017,1,N,0,11,0,0,0,0,,es_4734
135143,626,2017,1,CIV-PLS13,1,2017,1,S,2017,21,16,0,0,0,1F-C-2,es_5198
135144,627,2017,1,IND-PLS13,1,2017,1,S,2017,16,31,0,0,0,1F-C-5,es_5858
135145,628,2017,1,CIV-PLS13,1,2017,1,S,2017,20,22,0,0,0,2F-C-4,es_4735
135146,629,2017,1,CIV-PLS13,1,2017,1,S,2017,24,30,0,0,0,1F-C-5,es_5860
135147,630,2017,1,CIV-PLS13,1,2017,1,S,2016,22,13,0,0,0,1F-C-3,es_5203
135148,631,2017,1,CIV-PLS13,1,2017,1,S,2016,17,11,0,0,0,1F-C-2,es_5204
135149,632,2017,1,ECA-PLS13,1,2017,1,N,2016,0,0,0,0,0,3F-C-1,es_5205
135150,633,2017,1,CIV-PLS13,1,2017,1,S,2017,11,13,0,0,0,3F-C-3,es_5209
135151,634,2017,1,MCT-PLS13,1,2017,1,N,2016,16,0,0,0,0,,es_5210
135152,635,2017,1,CIV-PLS13,1,2017,1,N,0,20,2,0,0,0,,es_5874
135153,636,2017,1,IND-PLS13,1,2017,1,S,2017,22,14,0,0,0,1F-C-3,es_5212
135154,637,2017,1,CIV-PLS13,1,2017,1,S,2016,24,0,0,0,0,1F-C-2,es_5213
135155,638,2017,1,CIV-PLS13,1,2017,1,S,2017,21,23,0,0,0,1F-C-4,es_5878
135156,639,2017,1,CIV-PLS13,1,2017,1,N,0,13,7,0,0,0,,es_4412
135157,640,2017,1,CIV-PLS13,1,2017,1,S,2017,20,13,0,0,0,1F-C-2,es_5882
135158,641,2017,1,IND-PLS13,1,2017,1,S,2016,0,0,0,0,0,"2F-C-1,3F-C-2",es_5218
135159,642,2017,1,ECA-PLS13,1,2017,1,N,0,18,5,0,0,0,,es_4413
135160,643,2017,1,CIV-PLS13,1,2017,1,S,2017,22,8,0,0,0,3F-C-3,es_4121
135161,644,2017,1,ELE-PLS13,1,2017,1,N,2017,19,2,0,0,0,3F-C-1,es_4743
135162,645,2017,1,CIV-PLS13,1,2017,1,S,2017,18,20,0,0,0,1F-C-4,es_5887
135163,646,2017,1,ELE-PLS13,1,2017,1,S,2017,18,22,0,0,0,1F-C-5,es_5890
135164,647,2017,1,CIV-PLS13,1,2017,1,S,2017,23,24,0,0,0,1F-C-5,es_5891
135165,648,2017,1,CIV-PLS13,1,2017,1,S,2017,21,23,0,0,0,1F-C-5,es_5894
135166,649,2017,1,MCT-PLS13,1,2017,1,S,2017,20,23,0,0,0,1F-C-5,es_5895
135167,650,2017,1,CIV-PLS13,1,2017,1,N,2017,9,11,0,0,0,3F-C-1,es_5231
135168,651,2017,1,MEC-PLS13,1,2017,1,S,2016,11,6,0,0,0,"1F-C-1,2F-C-2",es_5234
135169,652,2017,1,MCT-PLS13,1,2017,1,S,2017,23,18,0,0,0,1F-C-4,es_5900
135170,653,2017,1,IND-PLS13,1,2017,1,N,0,0,0,0,0,0,,es_5901
135171,654,2017,1,CGF-PLS13,1,2017,1,N,2016,0,0,0,0,0,,es_4749
135172,655,2017,1,CIV-PLS13,1,2017,1,N,2017,13,9,0,0,0,,es_5239
135173,656,2017,1,CIV-PLS13,1,2017,1,N,0,17,0,0,0,0,,es_5240
135174,657,2017,1,IND-PLS13,1,2017,1,N,0,16,3,0,0,0,,es_5243
135175,658,2017,1,CIV-PLS13,1,2017,1,S,2017,20,23,0,0,0,1F-C-4,es_5910
135176,659,2017,1,IND-PLS13,1,2017,1,S,2017,24,24,0,0,0,1F-C-4,es_5912
135177,660,2017,1,ELE-PLS13,1,2017,1,S,2016,15,0,0,0,0,3F-C-2,es_5247
135178,661,2017,1,CIV-PLS13,1,2017,1,S,2017,20,23,0,0,0,1F-C-3,es_5249
135179,662,2017,1,ELE-PLS13,1,2017,1,S,2017,13,14,0,0,0,2F-C-3,es_5252
135180,663,2017,1,CGF-PLS13,1,2017,1,S,2016,13,0,0,0,0,1F-C-4,es_5254
135181,664,2017,1,CGF-PLS13,1,2017,1,N,0,15,5,0,0,0,,es_4759
135182,665,2017,1,CIV-PLS13,1,2017,1,S,2017,23,12,0,0,0,1F-C-2,es_5256
135183,666,2017,1,MCT-PLS13,1,2017,1,N,2017,18,13,0,0,0,"2F-C-1,3F-C-1",es_5925
135184,667,2017,1,IND-PLS13,1,2017,1,S,2016,19,7,0,0,0,1F-C-2,es_5266
135185,668,2017,1,CGF-PLS13,1,2017,1,S,2017,0,0,0,0,0,3F-C-3,es_4761
135186,669,2017,1,MCT-PLS13,1,2017,1,S,2017,20,23,0,0,0,1F-C-4,es_5927
135187,670,2017,1,CIV-PLS13,1,2017,1,N,0,0,0,0,0,0,,es_5279
135188,671,2017,1,ELE-PLS13,1,2017,1,N,2017,22,21,0,0,0,,es_5937
135189,672,2017,1,CIV-PLS13,1,2017,1,S,2017,18,31,0,0,0,2F-C-5,es_5938
135190,673,2017,1,IND-PLS13,1,2017,1,S,2017,24,18,0,0,0,1F-C-4,es_5939
135191,674,2017,1,CIV-PLS13,1,2017,1,S,2017,24,27,0,0,0,1F-C-4,es_5945
135192,675,2017,1,CIV-PLS13,1,2017,1,N,2016,16,3,0,0,0,3F-C-1,es_5285
135193,676,2017,1,ELE-PLS13,1,2017,1,N,0,15,7,0,0,0,,es_4767
135194,677,2017,1,ELE-PLS13,1,2017,1,N,0,15,8,0,0,0,,es_5950
135195,678,2017,1,CIV-PLS13,1,2017,1,N,0,12,9,0,0,0,,es_5291
135196,679,2017,1,MCT-PLS13,1,2017,1,S,2017,20,20,0,0,0,1F-C-5,es_5952
135197,680,2017,1,IND-PLS13,1,2017,1,S,2017,16,14,0,0,0,3F-C-4,es_5953
135198,681,2017,1,CIV-PLS13,1,2017,1,S,2016,21,14,0,0,0,2F-C-4,es_5294
135199,682,2017,1,MEC-PLS13,1,2017,1,S,2017,18,16,0,0,0,1F-C-2,es_5296
135200,683,2017,1,CIV-PLS13,1,2017,1,S,2017,24,21,0,0,0,1F-C-5,es_5954
135201,684,2017,1,ELE-PLS13,1,2017,1,N,0,0,0,0,0,0,,es_5956
135202,685,2017,1,CIV-PLS13,1,2017,1,S,2017,22,19,0,0,0,1F-C-5,es_5958
135203,686,2017,1,CGF-PLS13,1,2017,1,S,2017,24,24,0,0,0,1F-C-5,es_5961
135204,687,2017,1,CIV-PLS13,1,2017,1,S,2016,0,0,0,0,0,2F-3,es_5302
135205,688,2017,1,ELE-PLS13,1,2017,1,S,2017,20,19,0,0,0,1F-C-4,es_5966
135206,689,2017,1,ELE-PLS13,1,2017,1,S,2017,16,29,0,0,0,1F-C-4,es_4436
135207,690,2017,1,CIV-PLS13,1,2017,1,S,2017,9,21,0,0,0,1F-C-2,es_5307
135208,691,2017,1,ELE-PLS13,1,2017,1,S,2017,16,23,0,0,0,1F-C-4,es_5309
135209,692,2017,1,ECA-PLS13,1,2017,1,S,2017,19,14,0,0,0,2F-C-3,es_5972
135210,693,2017,1,CIV-PLS13,1,2017,1,S,2017,18,21,0,0,0,1F-C-5,es_5974
135211,694,2017,1,ELE-PLS13,1,2017,1,S,2017,19,23,0,0,0,1F-C-4,es_5311
135212,695,2017,1,MEC-PLS13,1,2017,1,S,2017,21,20,0,0,0,1F-C-5,es_5979
135213,696,2017,1,IND-PLS13,1,2017,1,S,2016,22,2,0,0,0,"2F-C-1,3F-C-2",es_5316
135214,697,2017,1,CIV-PLS13,1,2017,1,S,2017,21,14,0,0,0,3F-C-2,es_4782
135215,698,2017,1,IND-PLS13,1,2017,1,S,2017,23,14,0,0,0,1F-C-5,es_5988
135216,699,2017,1,CIV-PLS13,1,2017,1,S,2017,24,14,0,0,0,1F-C-4,es_5991
135217,700,2017,1,ELE-PLS13,1,2017,1,S,2017,17,17,0,0,0,2F-C-2,es_5319
135218,701,2017,1,CIV-PLS13,1,2017,1,N,0,14,0,0,0,0,,es_4784
135219,702,2017,1,ELE-PLS13,1,2017,1,S,2017,19,18,0,0,0,1F-C-5,es_5323
135220,703,2017,1,ELE-PLS13,1,2017,1,S,2017,22,32,0,0,0,1F-C-5,es_6002
135221,704,2017,1,CIV-PLS13,1,2017,1,N,0,13,11,0,0,0,,es_5330
135222,705,2017,1,IND-PLS13,1,2017,1,S,2017,23,5,0,0,0,"2F-C-1,3F-C-3",es_5331
135223,706,2017,1,CIV-PLS13,1,2017,1,S,2017,22,14,0,0,0,1F-C-5,es_6006
135224,707,2017,1,MCT-PLS13,1,2017,1,S,2017,17,15,0,0,0,1F-C-4,es_6009
135225,708,2017,1,IND-PLS13,1,2017,1,S,2017,17,18,0,0,0,2F-C-2,es_6012
135226,709,2017,1,CIV-PLS13,1,2017,1,N,0,16,8,0,0,0,,es_5335
135227,710,2017,1,CIV-PLS13,1,2017,1,N,2016,0,0,0,0,0,,es_4792
135228,711,2017,1,CIV-PLS13,1,2017,1,S,2016,17,26,0,0,0,1F-C-3,es_5336
135229,712,2017,1,CIV-PLS13,1,2017,1,S,2017,21,25,0,0,0,1F-C-5,es_6015
135230,713,2017,1,ELE-PLS13,1,2017,1,S,2017,24,34,0,0,0,1F-C-5,es_4798
135231,714,2017,1,CIV-PLS13,1,2017,1,N,0,22,4,0,0,0,,es_5345
135232,715,2017,1,ELE-PLS13,1,2017,1,S,2017,19,21,0,0,0,1F-C-5,es_6026
135233,716,2017,1,CIV-PLS13,1,2017,1,S,2017,17,20,0,0,0,1F-C-2,es_6030
135234,717,2017,1,CIV-PLS13,1,2017,1,N,0,1,0,0,0,0,,es_4802
135235,718,2017,1,CIV-PLS13,1,2017,1,S,2017,20,15,0,0,0,1F-C-3,es_5348
135236,719,2017,1,CIV-PLS13,1,2017,1,S,2017,22,16,0,0,0,1F-C-3,es_6041
135237,720,2017,1,CIV-PLS13,1,2017,1,S,2017,23,28,0,0,0,1F-C-5,es_6043
135238,721,2017,1,CIV-PLS13,1,2017,1,S,2017,21,8,0,0,0,2F-C-4,es_6044
135239,722,2017,1,CIV-PLS13,1,2017,1,N,0,18,6,0,0,0,,es_6045
135240,723,2017,1,CIV-PLS13,1,2017,1,S,2017,20,19,0,0,0,2F-C-4,es_6048
135241,724,2017,1,IND-PLS13,1,2017,1,S,2017,15,11,0,0,0,3F-C-3,es_6049
135242,725,2017,1,CIV-PLS13,1,2017,1,S,2016,14,27,0,0,0,1F-C-4,es_4807
135243,726,2017,1,ECA-PLS13,1,2017,1,S,2017,21,30,0,0,0,1F-C-5,es_6056
135244,727,2017,1,CIV-PLS13,1,2017,1,S,2017,23,16,0,0,0,1F-C-4,es_6057
135245,728,2017,1,CIV-PLS13,1,2017,1,S,2017,22,12,0,0,0,2F-C-4,es_6058
135246,729,2017,1,MCT-PLS13,1,2017,1,N,2016,18,5,0,0,0,3F-C-1,es_5357
135247,730,2017,1,CIV-PLS13,1,2017,1,S,2017,20,25,0,0,0,1F-C-4,es_5359
135248,731,2017,1,ELE-PLS13,1,2017,1,N,2017,13,16,0,0,0,,es_6060
135249,732,2017,1,ELE-PLS13,1,2017,1,N,0,0,0,0,0,0,,es_4809
135250,733,2017,1,CIV-PLS13,1,2017,1,S,2017,17,12,0,0,0,1F-C-2,es_5360
135251,734,2017,1,ELE-PLS13,1,2017,1,S,2017,24,5,0,0,0,1F-C-3,es_5362
135252,735,2017,1,CIV-PLS13,1,2017,1,S,2017,24,32,0,0,0,1F-C-5,es_6066
135253,736,2017,1,CIV-PLS13,1,2017,1,S,2017,16,29,0,0,0,1F-C-5,es_6070
135254,737,2017,1,IND-PLS13,1,2017,1,S,2016,20,25,0,0,0,1F-C-3,es_5364
135255,738,2017,1,ELE-PLS13,1,2017,1,N,0,17,6,0,0,0,,es_4465
135256,739,2017,1,ELE-PLS13,1,2017,1,S,2017,17,19,0,0,0,2F-C-3,es_4813
135257,740,2017,1,ELE-PLS13,1,2017,1,S,2017,16,24,0,0,0,1F-C-4,es_6074
135258,741,2017,1,ELE-PLS13,1,2017,1,S,2017,24,25,0,0,0,1F-C-5,es_6077
135259,742,2017,1,CIV-PLS13,1,2017,1,S,2017,21,19,0,0,0,1F-C-4,es_6080
135260,743,2017,1,ELE-PLS13,1,2017,1,S,2017,14,26,0,0,0,2F-C-3,es_5374
135261,744,2017,1,IND-PLS13,1,2017,1,N,0,16,0,0,0,0,,es_5375
135262,745,2017,1,ELE-PLS13,1,2017,1,S,2017,18,17,0,0,0,1F-C-3,es_5376
135263,746,2017,1,IND-PLS13,1,2017,1,N,0,9,0,0,0,0,,es_5377
135264,747,2017,1,CIV-PLS13,1,2017,1,N,0,0,0,0,0,0,,es_6089
135265,748,2017,1,ELE-PLS13,1,2017,1,S,2017,24,23,0,0,0,1F-C-5,es_5380
135266,749,2017,1,ELE-PLS13,1,2017,1,N,0,0,0,0,0,0,,es_5384
135267,750,2017,1,CIV-PLS13,1,2017,1,N,0,13,7,0,0,0,,es_5386
135268,751,2017,1,ELE-PLS13,1,2017,1,N,0,21,0,0,0,0,,es_5388
135269,752,2017,1,MCT-PLS13,1,2017,1,N,0,15,3,0,0,0,,es_5389
135270,753,2017,1,MCT-PLS13,1,2017,1,N,0,19,0,0,0,0,,es_6099
135271,754,2017,1,ELE-PLS13,1,2017,1,N,0,16,2,0,0,0,,es_5391
135272,755,2017,1,ELE-PLS13,1,2017,1,N,0,19,3,0,0,0,,es_6101
135273,756,2017,1,CIV-PLS13,1,2017,1,S,2016,20,30,0,0,0,1F-C-5,es_5396
135274,757,2017,1,ELE-PLS13,1,2017,1,N,2017,14,9,0,0,0,,es_6105
135275,758,2017,1,ELE-PLS13,1,2017,1,N,2016,0,0,0,0,0,3F-C-1,es_4825
135276,759,2017,1,CIV-PLS13,1,2017,1,S,2017,14,17,0,0,0,1F-C-2,es_5407
135277,760,2017,1,CIV-PLS13,1,2017,1,S,2017,24,22,0,0,0,1F-C-4,es_6117
135278,761,2017,1,MCT-PLS13,1,2017,1,S,2017,20,30,0,0,0,1F-C-5,es_6118
135279,762,2017,1,CIV-PLS13,1,2017,1,N,2017,20,11,0,0,0,2F-C-1,es_4830
135280,763,2017,1,CIV-PLS13,1,2017,1,S,2017,22,23,0,0,0,1F-C-4,es_6123
135281,764,2017,1,ECA-PLS13,1,2017,1,S,2017,14,22,0,0,0,1F-C-4,es_6124
135282,765,2017,1,ECA-PLS13,1,2017,1,S,2017,14,20,0,0,0,1F-C-2,es_5413
135283,766,2017,1,IND-PLS13,1,2017,1,N,2017,16,22,0,0,0,,es_6128
135284,767,2017,1,CIV-PLS13,1,2017,1,N,2017,16,2,0,0,0,,es_5416
135285,768,2017,1,CIV-PLS13,1,2017,1,S,2017,20,26,0,0,0,1F-C-3,es_6130
135286,769,2017,1,CGF-PLS13,1,2017,1,N,0,19,0,0,0,0,,es_4838
135287,770,2017,1,CIV-PLS13,1,2017,1,S,2017,21,17,0,0,0,1F-C-3,es_6134
135288,771,2017,1,CIV-PLS13,1,2017,1,S,2016,0,0,0,0,0,2F-2,es_5418
135289,772,2017,1,MCT-PLS13,1,2017,1,S,2017,18,19,0,0,0,1F-C-3,es_6135
135290,773,2017,1,IND-PLS13,1,2017,1,S,2017,22,24,0,0,0,1F-C-5,es_6136
135291,774,2017,1,MCT-PLS13,1,2017,1,S,2017,20,0,0,0,0,3F-C-2,es_5420
135292,775,2017,1,CIV-PLS13,1,2017,1,N,0,15,0,0,0,0,,es_5421
135293,776,2017,1,CIV-PLS13,1,2017,1,N,2017,24,19,0,0,0,,es_5422
135294,777,2017,1,CIV-PLS13,1,2017,1,S,2017,16,16,0,0,0,"2F-C-1,3F-C-4",es_6138
135295,778,2017,1,CIV-PLS13,1,2017,1,S,2017,22,20,0,0,0,1F-C-4,es_6147
135296,779,2017,1,MCT-PLS13,1,2017,1,N,0,0,0,0,0,0,,es_4845
135297,780,2017,1,CIV-PLS13,1,2017,1,S,2017,23,4,0,0,0,"2F-C-1,3F-C-4",es_5429
135298,781,2017,1,ECA-PLS13,1,2017,1,S,2017,21,21,0,0,0,1F-C-5,es_6154
135299,782,2017,1,CIV-PLS13,1,2017,1,S,2016,0,0,0,0,0,"2F-C-1,3F-C-3",es_4849
135300,783,2017,1,ELE-PLS13,1,2017,1,N,0,19,3,0,0,0,,es_5433
135301,784,2017,1,CIV-PLS13,1,2017,1,S,2017,24,23,0,0,0,1F-C-5,es_6159
135302,785,2017,1,IND-PLS13,1,2017,1,S,2017,20,19,0,0,0,1F-C-4,es_5437
135303,786,2017,1,ELE-PLS13,1,2017,1,N,0,17,0,0,0,0,,es_6161
135304,787,2017,1,CIV-PLS13,1,2017,1,N,0,20,0,0,0,0,,es_5438
135305,788,2017,1,ELE-PLS13,1,2017,1,N,0,9,7,0,0,0,,es_6162
135306,789,2017,1,CIV-PLS13,1,2017,1,S,2017,14,23,0,0,0,3F-C-2,es_6163
135307,790,2017,1,CIV-PLS13,1,2017,1,S,2017,24,11,0,0,0,3F-C-4,es_4852
135308,791,2017,1,MCT-PLS13,1,2017,1,N,0,0,0,0,0,0,,es_4187
135309,792,2017,1,ELE-PLS13,1,2017,1,N,0,15,0,0,0,0,,es_6168
135310,793,2017,1,CIV-PLS13,1,2017,1,S,2017,20,23,0,0,0,1F-C-5,es_6173
135311,794,2017,1,MEC-PLS13,1,2017,1,S,2017,24,23,0,0,0,1F-C-5,es_6176
135312,795,2017,1,MCT-PLS13,1,2017,1,N,0,0,0,0,0,0,,es_5447
135313,796,2017,1,MCT-PLS13,1,2017,1,S,2017,18,9,0,0,0,2F-C-4,es_6184
135314,797,2017,1,ELE-PLS13,1,2017,1,S,2017,23,14,0,0,0,1F-C-4,es_4857
135315,798,2017,1,ELE-PLS13,1,2017,1,S,2017,13,9,0,0,0,3F-C-3,es_5453
135316,799,2017,1,ELE-PLS13,1,2017,1,S,2017,19,19,0,0,0,1F-C-4,es_6198
135317,800,2017,1,ELE-PLS13,1,2017,1,S,2017,23,14,0,0,0,1F-C-3,es_6202
135318,801,2017,1,ELE-PLS13,1,2017,1,S,2017,20,10,0,0,0,3F-C-3,es_6207
135319,802,2017,1,IND-PLS13,1,2017,1,S,2017,17,0,0,0,0,3F-C-4,es_6211
135320,803,2017,1,CIV-PLS13,1,2017,1,S,2017,20,24,0,0,0,1F-C-4,es_6212
135321,804,2017,1,CIV-PLS13,1,2017,1,S,2016,20,15,0,0,0,"1F-C-1,2F-C-1,3F-C-2",es_5459
135322,805,2017,1,CIV-PLS13,1,2017,1,S,2017,13,5,0,0,0,"2F-C-1,3F-C-4",es_5460
135323,806,2017,1,MCT-PLS13,1,2017,1,S,2017,24,12,0,0,0,1F-C-4,es_5461
135324,807,2017,1,CGF-PLS13,1,2017,1,N,0,0,0,0,0,0,,es_4865
135325,808,2017,1,MCT-PLS13,1,2017,1,S,2017,23,9,0,0,0,2F-C-2,es_5468
135326,809,2017,1,ELE-PLS13,1,2017,1,S,2017,21,30,0,0,0,1F-C-5,es_5470
135327,810,2017,1,MCT-PLS13,1,2017,1,N,0,16,3,0,0,0,,es_6225
135328,811,2017,1,CIV-PLS13,1,2017,1,N,2017,13,9,0,0,0,3F-C-1,es_6226
135329,812,2017,1,ELE-PLS13,1,2017,1,S,2016,23,31,0,0,0,1F-C-5,es_5474
135330,813,2017,1,ECA-PLS13,1,2017,1,S,2017,19,11,0,0,0,1F-C-4,es_5475
135331,814,2017,1,MEC-PLS13,1,2017,1,S,2017,24,12,0,0,0,1F-C-3,es_5476
135332,815,2017,1,CIV-PLS13,1,2017,1,S,2017,23,15,0,0,0,1F-C-3,es_6230
135333,816,2017,1,ELE-PLS13,1,2017,1,S,2017,17,8,0,0,0,2F-C-2,es_5479
135334,817,2017,1,CIV-PLS13,1,2017,1,S,2017,0,0,0,0,0,2F-C-2,es_6233
135335,818,2017,1,ELE-PLS13,1,2017,1,S,2017,24,30,0,0,0,1F-C-5,es_6237
135336,819,2017,1,ELE-PLS13,1,2017,1,N,0,10,5,0,0,0,,es_5482
135337,820,2017,1,ELE-PLS13,1,2017,1,N,0,8,0,0,0,0,,es_5484
135338,821,2017,1,CIV-PLS13,1,2017,1,S,2017,17,17,0,0,0,1F-C-3,es_5487
135339,822,2017,1,CIV-PLS13,1,2017,1,S,2017,18,9,0,0,0,1F-C-5,es_4878
135340,823,2017,1,ELE-PLS13,1,2017,1,S,2017,23,14,0,0,0,1F-C-3,es_5490
135341,824,2017,1,IND-PLS13,1,2017,1,S,2017,20,7,0,0,0,1F-C-2,es_5492
135342,825,2017,1,CIV-PLS13,1,2017,1,S,2017,19,9,0,0,0,3F-C-4,es_5496
135343,826,2017,1,ELE-PLS13,1,2017,1,S,2017,21,16,0,0,0,2F-C-2,es_5497
135344,827,2017,1,MEC-PLS13,1,2017,1,S,2017,12,14,0,0,0,"2F-C-1,3F-C-3",es_5498
135345,828,2017,1,CIV-PLS13,1,2017,1,N,0,16,0,0,0,0,,es_5500
135346,829,2017,1,CIV-PLS13,1,2017,1,S,2017,22,21,0,0,0,1F-C-5,es_6260
135347,830,2017,1,ELE-PLS13,1,2017,1,S,2017,8,18,0,0,0,"2F-C-1,3F-C-3",es_5503
135348,831,2017,1,ELE-PLS13,1,2017,1,N,0,20,0,0,0,0,,es_4886
135349,832,2017,1,IND-PLS13,1,2017,1,S,2017,24,26,0,0,0,1F-C-5,es_6262
135350,833,2017,1,CGF-PLS13,1,2017,1,N,2017,17,4,0,0,0,"2F-C-1,3F-C-1",es_4887
135351,834,2017,1,CIV-PLS13,1,2017,1,S,2017,20,23,0,0,0,"2F-C-1,3F-C-4",es_6270
135352,835,2017,1,MCT-PLS13,1,2017,1,N,2017,20,17,0,0,0,,es_5508
135353,836,2017,1,CIV-PLS13,1,2017,1,S,2017,17,12,0,0,0,1F-C-2,es_6272
135354,837,2017,1,MEC-PLS13,1,2017,1,N,2017,22,15,0,0,0,,es_6276
135355,838,2017,1,CIV-PLS13,1,2017,1,N,0,0,0,0,0,0,,es_5512
135356,839,2017,1,ECA-PLS13,1,2017,1,S,2017,22,16,0,0,0,2F-C-5,es_6281
135357,840,2017,1,MCT-PLS13,1,2017,1,S,2017,22,9,0,0,0,3F-C-3,es_6282
135358,841,2017,1,IND-PLS13,1,2017,1,N,2017,20,22,0,0,0,,es_6283
135359,842,2017,1,IND-PLS13,1,2017,1,S,2017,21,24,0,0,0,1F-C-4,es_6284
135360,843,2017,1,IND-PLS13,1,2017,1,S,2017,14,21,0,0,0,1F-C-4,es_6285
135361,844,2017,1,ELE-PLS13,1,2017,1,S,2017,17,25,0,0,0,1F-C-5,es_6286
135362,845,2017,1,ELE-PLS13,1,2017,1,S,2017,24,22,0,0,0,1F-C-5,es_6290
135363,846,2017,1,CIV-PLS13,1,2017,1,S,2017,19,13,0,0,0,1F-C-2,es_5515
135364,847,2017,1,ELE-PLS13,1,2017,1,S,2017,24,10,0,0,0,1F-C-3,es_5516
135365,848,2017,1,MCT-PLS13,1,2017,1,S,2017,19,7,0,0,0,1F-C-2,es_6298
135366,849,2017,1,ELE-PLS13,1,2017,1,S,2017,17,2,0,0,0,2F-C-4,es_6299
135367,850,2017,1,CIV-PLS13,1,2017,1,N,2017,18,4,0,0,0,,es_5523
135368,851,2017,1,CIV-PLS13,1,2017,1,S,2017,23,25,0,0,0,1F-C-5,es_6303
135369,852,2017,1,CIV-PLS13,1,2017,1,N,2017,19,4,0,0,0,,es_5524
135370,853,2017,1,IND-PLS13,1,2017,1,S,2017,24,16,0,0,0,1F-C-4,es_6306
135371,854,2017,1,CGF-PLS13,1,2017,1,N,0,16,2,0,0,0,,es_6307
135372,855,2017,1,MCT-PLS13,1,2017,1,N,0,16,0,0,0,0,,es_5526
135373,856,2017,1,CIV-PLS13,1,2017,1,S,2017,22,26,0,0,0,1F-C-5,es_5528
135374,857,2017,1,MCT-PLS13,1,2017,1,S,2017,20,27,0,0,0,1F-C-5,es_5532
135375,858,2017,1,ELE-PLS13,1,2017,1,S,2017,15,28,0,0,0,1F-C-4,es_5533
135376,859,2017,1,CIV-PLS13,1,2017,1,N,2017,22,26,0,0,0,,es_5536
135377,860,2017,1,ELE-PLS13,1,2017,1,N,2016,0,0,0,0,0,,es_4900
135378,861,2017,1,CIV-PLS13,1,2017,1,N,0,0,0,0,0,0,,es_4901
135379,862,2017,1,MCT-PLS13,1,2017,1,S,2017,16,22,0,0,0,1F-C-4,es_6322
135380,863,2017,1,IND-PLS13,1,2017,1,S,2017,24,23,0,0,0,1F-C-5,es_6323
135381,864,2017,1,ELE-PLS13,1,2017,1,S,2016,17,24,0,0,0,1F-C-3,es_5538
135382,865,2017,1,IND-PLS13,1,2017,1,S,2016,0,0,0,0,0,1F-2,es_4515
135383,866,2017,1,ELE-PLS13,1,2017,1,S,2017,24,16,0,0,0,1F-C-4,es_5543
135384,867,2017,1,CIV-PLS13,1,2017,1,S,2017,0,15,0,0,0,"2F-C-1,3F-C-2",es_5544
135385,868,2017,1,ELE-PLS13,1,2017,1,S,2016,15,30,0,0,0,1F-C-3,es_5545
135386,869,2017,1,CIV-PLS13,1,2017,1,N,0,8,3,0,0,0,,es_6329
135387,870,2017,1,MCT-PLS13,1,2017,1,N,0,15,8,0,0,0,,es_6330
135388,871,2017,1,CIV-PLS13,1,2017,1,N,2017,10,14,0,0,0,2F-C-1,es_5547
135389,872,2017,1,IND-PLS13,1,2017,1,S,2017,24,23,0,0,0,1F-C-4,es_6331
135390,873,2017,1,MCT-PLS13,1,2017,1,S,2017,23,13,0,0,0,1F-C-4,es_6332
135391,874,2017,1,ECA-PLS13,1,2017,1,S,2017,22,15,0,0,0,1F-C-3,es_6339
135392,875,2017,1,CIV-PLS13,1,2017,1,S,2016,17,21,0,0,0,1F-C-3,es_4908
135393,876,2017,1,CIV-PLS13,1,2017,1,S,2017,23,34,0,0,0,1F-C-5,es_6341
135394,877,2017,1,CIV-PLS13,1,2017,1,N,2017,20,25,0,0,0,,es_6343
135395,878,2017,1,ELE-PLS13,1,2017,1,S,2017,20,23,0,0,0,1F-C-5,es_6344
135396,879,2017,1,CIV-PLS13,1,2017,1,S,2017,21,4,0,0,0,2F-C-3,es_5551
135397,880,2017,1,MCT-PLS13,1,2017,1,S,2017,20,3,0,0,0,3F-C-2,es_5552
135398,881,2017,1,CIV-PLS13,1,2017,1,S,2017,24,29,0,0,0,1F-C-5,es_6351
135399,882,2017,1,CIV-PLS13,1,2017,1,S,2017,14,21,0,0,0,1F-C-3,es_6354
135400,883,2017,1,CIV-PLS13,1,2017,1,S,2017,19,15,0,0,0,"2F-C-1,3F-C-3",es_5553
135401,884,2017,1,CIV-PLS13,1,2017,1,S,2017,21,19,0,0,0,1F-C-5,es_6359
135402,885,2017,1,MEC-PLS13,1,2017,1,S,2017,22,23,0,0,0,1F-C-4,es_6361
135403,886,2017,1,ELE-PLS13,1,2017,1,N,2017,10,17,0,0,0,,es_5556
135404,887,2017,1,ELE-PLS13,1,2017,1,S,2017,18,14,0,0,0,1F-C-3,es_6367
135405,888,2017,1,CIV-PLS13,1,2017,1,S,2017,24,16,0,0,0,1F-C-5,es_6368
135406,889,2017,1,ELE-PLS13,1,2017,1,N,2017,24,19,0,0,0,,es_6375
135407,890,2017,1,IND-PLS13,1,2017,1,S,2017,15,0,0,0,0,3F-C-2,es_5563
135408,891,2017,1,ELE-PLS13,1,2017,1,S,2017,19,13,0,0,0,1F-C-3,es_6378
135409,892,2017,1,CIV-PLS13,1,2017,1,S,2017,24,7,0,0,0,"2F-C-1,3F-C-3",es_5564
135410,893,2017,1,ELE-PLS13,1,2017,1,S,2017,22,35,0,0,0,2F-C-5,es_5565
135411,894,2017,1,CIV-PLS13,1,2017,1,S,2017,22,12,0,0,0,"2F-C-1,3F-C-3",es_5567
135412,895,2017,1,ELE-PLS13,1,2017,1,N,0,14,10,0,0,0,,es_5569
135413,896,2017,1,CIV-PLS13,1,2017,1,N,2017,17,19,0,0,0,"2F-C-1,3F-C-1",es_6387
135414,897,2017,1,CIV-PLS13,1,2017,1,N,0,18,4,0,0,0,,es_4523
135415,898,2017,1,CIV-PLS13,1,2017,1,S,2017,22,30,0,0,0,1F-C-5,es_6390
135416,899,2017,1,CIV-PLS13,1,2017,1,S,2016,0,0,0,0,0,3F-5,es_5574
135417,900,2017,1,CGF-PLS13,1,2017,1,N,2017,15,17,0,0,0,,es_4925
135418,901,2017,1,MCT-PLS13,1,2017,1,S,2017,17,0,0,0,0,2F-C-3,es_6391
135419,902,2017,1,ELE-PLS13,1,2017,1,S,2017,19,32,0,0,0,1F-C-5,es_6392
135420,903,2017,1,ELE-PLS13,1,2017,1,S,2017,10,28,0,0,0,1F-C-4,es_6394
135421,904,2017,1,ELE-PLS13,1,2017,1,S,2017,14,22,0,0,0,1F-C-3,es_6396
135422,905,2017,1,MCT-PLS13,1,2017,1,N,2016,0,5,0,0,0,3F-C-1,es_4929
135423,906,2017,1,ELE-PLS13,1,2017,1,N,0,8,10,0,0,0,,es_5576
135424,907,2017,1,IND-PLS13,1,2017,1,S,2017,22,18,0,0,0,1F-C-4,es_6403
135425,908,2017,1,CIV-PLS13,1,2017,1,N,2016,8,0,0,0,0,,es_4930
135426,909,2017,1,ELE-PLS13,1,2017,1,S,2017,20,7,0,0,0,"2F-C-1,3F-C-5",es_5578
135427,910,2017,1,IND-PLS13,1,2017,1,S,2017,19,22,0,0,0,1F-C-3,es_5580
135428,911,2017,1,CIV-PLS13,1,2017,1,S,2017,17,13,0,0,0,1F-C-2,es_5581
135429,912,2017,1,ELE-PLS13,1,2017,1,S,2017,23,23,0,0,0,1F-C-5,es_6413
135430,913,2017,1,MEC-PLS13,1,2017,1,N,2017,19,8,0,0,0,,es_6418
135431,914,2017,1,MEC-PLS13,1,2017,1,S,2017,0,0,0,0,0,"2F-1,3F-3",es_5583
135432,915,2017,1,CIV-PLS13,1,2017,1,S,2017,11,23,0,0,0,1F-C-2,es_5585
135433,916,2017,1,CIV-PLS13,1,2017,1,N,0,0,0,0,0,0,,es_6422
135434,917,2017,1,CIV-PLS13,1,2017,1,N,2017,14,15,0,0,0,"1F-C-1,2F-C-1,3F-C-1",es_5586
135435,918,2017,1,ECA-PLS13,1,2017,1,S,2017,18,21,0,0,0,1F-C-3,es_6423
135436,919,2017,1,MCT-PLS13,1,2017,1,S,2017,16,21,0,0,0,1F-C-3,es_6424
135437,920,2017,1,MEC-PLS13,1,2017,1,S,2017,17,17,0,0,0,2F-C-3,es_6434
135438,921,2017,1,ELE-PLS13,1,2017,1,S,2017,17,19,0,0,0,"2F-C-1,3F-C-2",es_5589
135439,922,2017,1,ELE-PLS13,1,2017,1,S,2017,20,27,0,0,0,1F-C-5,es_6436
135440,923,2017,1,CIV-PLS13,1,2017,1,S,2017,23,16,0,0,0,1F-C-3,es_6440
135441,924,2017,1,MEC-PLS13,1,2017,1,S,2017,22,29,0,0,0,1F-C-5,es_6441
135442,925,2017,1,ECA-PLS13,1,2017,1,N,0,13,11,0,0,0,,es_5592
135443,926,2017,1,ELE-PLS13,1,2017,1,S,2017,20,13,0,0,0,1F-C-2,es_5593
135444,927,2017,1,ELE-PLS13,1,2017,1,S,2017,13,24,0,0,0,1F-C-2,es_5594
135445,928,2017,1,CIV-PLS13,1,2017,1,S,2017,20,9,0,0,0,2F-C-3,es_6447
135446,929,2017,1,CIV-PLS13,1,2017,1,S,2017,15,2,0,0,0,3F-C-3,es_5597
135447,930,2017,1,MCT-PLS13,1,2017,1,S,2017,18,28,0,0,0,2F-C-4,es_6449
135448,931,2017,1,CGF-PLS13,1,2017,1,N,0,0,0,0,0,0,,es_5599
135449,932,2017,1,ELE-PLS13,1,2017,1,S,2017,14,12,0,0,0,2F-C-3,es_5600
135450,933,2017,1,CIV-PLS13,1,2017,1,S,2017,24,23,0,0,0,1F-C-5,es_6454
135451,934,2017,1,ELE-PLS13,1,2017,1,N,0,20,0,0,0,0,,es_5604
135452,935,2017,1,CIV-PLS13,1,2017,1,S,2017,16,22,0,0,0,1F-C-4,es_6456
135453,936,2017,1,IND-PLS13,1,2017,1,S,2017,17,21,0,0,0,2F-C-3,es_5605
135454,937,2017,1,ELE-PLS13,1,2017,1,S,2017,24,25,0,0,0,1F-C-4,es_6458
135455,938,2017,1,MCT-PLS13,1,2017,1,N,0,0,6,0,0,0,,es_1391
135456,939,2017,1,CIV-PLS13,1,2017,1,N,0,13,6,0,0,0,,es_6463
135457,940,2017,1,ELE-PLS13,1,2017,1,N,0,3,0,0,0,0,,es_5607
135458,941,2017,1,CIV-PLS13,1,2017,1,N,2016,0,0,0,0,0,,es_4946
135459,942,2017,1,CIV-PLS13,1,2017,1,S,2017,16,31,0,0,0,1F-C-5,es_6476
135460,943,2017,1,MCT-PLS13,1,2017,1,S,2017,22,10,0,0,0,"2F-C-1,3F-C-3",es_5612
135461,944,2017,1,ELE-PLS13,1,2017,1,S,2017,10,16,0,0,0,2F-C-3,es_6480
135462,945,2017,1,CIV-PLS13,1,2017,1,S,2017,21,35,0,0,0,1F-C-5,es_6482
135463,946,2017,1,CIV-PLS13,1,2017,1,S,2017,24,14,0,0,0,1F-C-5,es_6483
135464,947,2017,1,CIV-PLS13,1,2017,1,N,2017,21,11,0,0,0,3F-C-1,es_5613
135465,948,2017,1,CIV-PLS13,1,2017,1,S,2017,22,20,0,0,0,1F-C-4,es_5617
135466,949,2017,1,ELE-PLS13,1,2017,1,S,2017,16,23,0,0,0,1F-C-4,es_6491
135467,950,2017,1,CIV-PLS13,1,2017,1,N,0,17,1,0,0,0,,es_5621
135468,951,2017,1,CIV-PLS13,1,2017,1,S,2017,16,16,0,0,0,2F-C-2,es_5622
135469,952,2017,1,MCT-PLS13,1,2017,1,S,2016,0,0,0,0,0,3F-C-3,es_5623
135470,953,2017,1,MCT-PLS13,1,2017,1,N,0,8,0,0,0,0,,es_4949
